{
  "project_info": {
    "project_number": "843745092709",
    "project_id": "deli1-1bfca",
    "storage_bucket": "deli1-1bfca.appspot.com"
  },
  "client": [
    {
      "client_info": {
        "mobilesdk_app_id": "1:843745092709:android:ad1da6a8024439a8d7d28c",
        "android_client_info": {
          "package_name": "com.example.d1"
        }
      },
      "oauth_client": [
        {
          "client_id": "843745092709-2es9s9tqivjfu5bnghkhj9hgpffrpand.apps.googleusercontent.com",
          "client_type": 3
        }
      ],
      "api_key": [
        {
          "current_key": "AIzaSyAHtYqhurj9B7pmWBgg5HfPWGOwYk2ikDk"
        }
      ],
      "services": {
        "appinvite_service": {
          "other_platform_oauth_client": [
            {
              "client_id": "843745092709-2es9s9tqivjfu5bnghkhj9hgpffrpand.apps.googleusercontent.com",
              "client_type": 3
            }
          ]
        }
      }
    }
  ],
  "configuration_version": "1"
}